,Username,Last Name,First Name,Chamber,Party,State,District,Date Assumed Office,Gender,,,,,,
0,SenShelby,Shelby,Richard,Senate,Republican,Alabama,None,"January 3, 1987",M,,,,,,
1,SenTuberville,Tuberville,Tommy,Senate,Republican,Alabama,None,"January 3, 2021",M,,,,,,
2,lisamurkowski,Murkowski,Lisa,Senate,Republican,Alaska,None,"December 20, 2002",F,,,,,,
3,SenDanSullivan,Sullivan,Daniel S.,Senate,Republican,Alaska,None,"January 3, 2015",M,,,,,,
4,SenMarkKelly,Kelly,Mark,Senate,Democratic,Arizona,None,"December 2, 2020",M,,,,,,
5,senatorsinema,Sinema,Kyrsten,Senate,Democratic,Arizona,None,"January 3, 2019",F,,,,,,
6,JohnBoozman,Boozman,John,Senate,Republican,Arkansas,None,"January 3, 2011",M,,,,,,
7,SenTomCotton,Cotton,Tom,Senate,Republican,Arkansas,None,"January 3, 2015",M,,,,,,
8,senfeinstein,Feinstein,Dianne,Senate,Democratic,California,None,"November 4, 1992",F,,,,,,
9,SenAlexPadilla,Padilla,Alex,Senate,Democratic,California,None,"January 20, 2021",M,,,,,,
10,SenatorBennet,Bennet,Michael,Senate,Democratic,Colorado,None,"January 22, 2009",M,,,,,,
11,SenatorHick,Hickenlooper,John,Senate,Democratic,Colorado,None,"January 3, 2021",M,,,,,,
12,SenBlumenthal,Blumenthal,Richard,Senate,Democratic,Connecticut,None,"January 3, 2011",M,,,,,,
13,ChrisMurphyCT,Murphy,Chris,Senate,Democratic,Connecticut,None,"January 3, 2013",M,,,,,,
14,senatorcarper,Carper,Tom,Senate,Democratic,Delaware,None,"January 3, 2001",M,,,,,,
15,ChrisCoons,Coons,Chris,Senate,Democratic,Delaware,None,"November 15, 2010",M,,,,,,
16,SenRubioPress,Rubio,Marco,Senate,Republican,Florida,None,"January 3, 2011",M,,,,,,
17,SenRickScott,Scott,Rick,Senate,Republican,Florida,None,"January 3, 2019",M,,,,,,
18,SenOssoff,Ossoff,Jon,Senate,Democratic,Georgia,None,"January 20, 2021",M,,,,,,
19,SenatorWarnock,Warnock,Raphael,Senate,Democratic,Georgia,None,"January 20, 2021",M,,,,,,
20,maziehirono,Hirono,Mazie,Senate,Democratic,Hawaii,None,"January 3, 2013",F,,,,,,
21,SenBrianSchatz,Schatz,Brian,Senate,Democratic,Hawaii,None,"December 27, 2012",M,,,,,,
22,mikecrapo,Crapo,Mike,Senate,Republican,Idaho,None,"January 3, 1999",M,,,,,,
23,SenatorRisch,Risch,Jim,Senate,Republican,Idaho,None,"January 3, 2009",M,,,,,,
24,SenDuckworth,Duckworth,Tammy,Senate,Democratic,Illinois,None,"January 3, 2017",F,,,,,,
25,SenatorDurbin,Durbin,Dick,Senate,Democratic,Illinois,None,"January 3, 1997",M,,,,,,
26,SenatorBraun,Braun,Mike,Senate,Republican,Indiana,None,"January 3, 2019",M,,,,,,
27,sentoddyoung,Young,Todd,Senate,Republican,Indiana,None,"January 3, 2017",M,,,,,,
28,SenJoniErnst,Ernst,Joni,Senate,Republican,Iowa,None,"January 3, 2015",F,,,,,,
29,chuckgrassley,Grassley,Chuck,Senate,Republican,Iowa,None,"January 3, 1981",M,,,,,,
30,RepMarshall,Marshall,Roger,Senate,Republican,Kansas,None,"January 3, 2021",M,,,,,,
31,jerrymoran,Moran,Jerry,Senate,Republican,Kansas,None,"January 3, 2011",M,,,,,,
32,McConnellPress,McConnell,Mitch,Senate,Republican,Kentucky,None,"January 3, 1985",M,,,,,,
33,RandPaul,Paul,Rand,Senate,Republican,Kentucky,None,"January 3, 2011",M,,,,,,
34,SenBillCassidy,Cassidy,Bill,Senate,Republican,Louisiana,None,"January 3, 2015",M,,,,,,
35,SenJohnKennedy,Kennedy,John Neely,Senate,Republican,Louisiana,None,"January 3, 2017",M,,,,,,
36,SenatorCollins,Collins,Susan,Senate,Republican,Maine,None,"January 3, 1997",F,,,,,,
37,SenAngusKing,King,Angus,Senate,Independent,Maine,None,"January 3, 2013",M,,,,,,
38,SenatorCardin,Cardin,Ben,Senate,Democratic,Maryland,None,"January 3, 2007",M,,,,,,
39,ChrisVanHollen,VanHollen,Chris,Senate,Democratic,Maryland,None,"January 3, 2017",M,,,,,,
40,SenMarkey,Markey,Edward,Senate,Democratic,Massachusetts,None,"July 16, 2013",M,,,,,,
41,SenWarren,Warren,Elizabeth,Senate,Democratic,Massachusetts,None,"January 3, 2013",F,,,,,,
42,SenGaryPeters,Peters,Gary,Senate,Democratic,Michigan,None,"January 3, 2015",M,,,,,,
43,SenStabenow,Stabenow,Debbie,Senate,Democratic,Michigan,None,"January 3, 2001",F,,,,,,
44,SenAmyKlobuchar,Klobuchar,Amy,Senate,Democratic,Minnesota,None,"January 3, 2007",F,,,,,,
45,SenTinaSmith,Smith,Tina,Senate,Democratic,Minnesota,None,"January 3, 2018",F,,,,,,
46,SenHydeSmith,HydeSmith,Cindy,Senate,Republican,Mississippi,None,"April 9, 2018",F,,,,,,
47,SenatorWicker,Wicker,Roger,Senate,Republican,Mississippi,None,"December 31, 2007",M,,,,,,
48,RoyBlunt,Blunt,Roy,Senate,Republican,Missouri,None,"January 3, 2011",M,,,,,,
49,SenHawleyPress,Hawley,Josh,Senate,Republican,Missouri,None,"January 3, 2019",M,,,,,,
50,SteveDaines,Daines,Steve,Senate,Republican,Montana,None,"January 3, 2015",M,,,,,,
51,SenatorTester,Tester,Jon,Senate,Democratic,Montana,None,"January 3, 2007",M,,,,,,
52,SenatorFischer,Fischer,Deb,Senate,Republican,Nebraska,None,"January 3, 2013",F,,,,,,
53,SenSasse,Sasse,Ben,Senate,Republican,Nebraska,None,"January 3, 2015",M,,,,,,
54,sencortezmasto,CortezMasto,Catherine,Senate,Democratic,Nevada,None,"January 3, 2017",F,,,,,,
55,SenJackyRosen,Rosen,Jacky,Senate,Democratic,Nevada,None,"January 3, 2019",F,,,,,,
56,Senatorhassan,Hassan,Maggie,Senate,Democratic,New Hampshire,None,"January 3, 2017",F,,,,,,
57,SenatorShaheen,Shaheen,Jeanne,Senate,Democratic,New Hampshire,None,"January 3, 2009",F,,,,,,
58,senbooker,Booker,Cory,Senate,Democratic,New Jersey,None,"October 31, 2013",M,,,,,,
59,SenatorMenendez,Menendez,Bob,Senate,Democratic,New Jersey,None,"January 18, 2006",M,,,,,,
60,martinheinrich,Heinrich,Martin,Senate,Democratic,New Mexico,None,"January 3, 2013",M,,,,,,
61,SenatorLujan,Luján,Ben Ray,Senate,Democratic,New Mexico,None,"January 3, 2021",M,,,,,,
62,gillibrandny,Gillibrand,Kirsten,Senate,Democratic,New York,None,"January 26, 2009",F,,,,,,
63,SenSchumer,Schumer,Chuck,Senate,Democratic,New York,None,"January 3, 1999",M,,,,,,
64,SenatorBurr,Burr,Richard,Senate,Republican,North Carolina,None,"January 3, 2005",M,,,,,,
65,SenThomTillis,Tillis,Thom,Senate,Republican,North Carolina,None,"January 3, 2015",M,,,,,,
66,SenKevinCramer,Cramer,Kevin,Senate,Republican,North Dakota,None,"January 3, 2019",M,,,,,,
67,SenJohnHoeven,Hoeven,John,Senate,Republican,North Dakota,None,"January 3, 2011",M,,,,,,
68,SenSherrodBrown,Brown,Sherrod,Senate,Democratic,Ohio,None,"January 3, 2007",M,,,,,,
69,senrobportman,Portman,Rob,Senate,Republican,Ohio,None,"January 3, 2011",M,,,,,,
70,JimInhofe,Inhofe,Jim,Senate,Republican,Oklahoma,None,"November 17, 1994",M,,,,,,
71,SenatorLankford,Lankford,James,Senate,Republican,Oklahoma,None,"January 3, 2015",M,,,,,,
72,SenJeffMerkley,Merkley,Jeff,Senate,Democratic,Oregon,None,"January 3, 2009",M,,,,,,
73,RonWyden,Wyden,Ron,Senate,Democratic,Oregon,None,"January 30, 1996",M,,,,,,
74,SenBobCasey,Casey,Bob,Senate,Democratic,Pennsylvania,None,"January 3, 2007",M,,,,,,
75,sentoomey,Toomey,Pat,Senate,Republican,Pennsylvania,None,"January 3, 2011",M,,,,,,
76,senjackreed,Reed,Jack,Senate,Democratic,Rhode Island,None,"January 3, 1997",M,,,,,,
77,SenWhitehouse,Whitehouse,Sheldon,Senate,Democratic,Rhode Island,None,"January 3, 2007",M,,,,,,
78,LindseyGrahamSC,Graham,Lindsey,Senate,Republican,South Carolina,None,"January 3, 2003",M,,,,,,
79,SenatorTimScott,Scott,Tim,Senate,Republican,South Carolina,None,"January 2, 2013",M,,,,,,
80,senatorrounds,Rounds,Mike,Senate,Republican,South Dakota,None,"January 3, 2015",M,,,,,,
81,senjohnthune,Thune,John,Senate,Republican,South Dakota,None,"January 3, 2005",M,,,,,,
82,MarshaBlackburn,Blackburn,Marsha,Senate,Republican,Tennessee,None,"January 3, 2019",F,,,,,,
83,SenatorHagerty,Hagerty,Bill,Senate,Republican,Tennessee,None,"January 3, 2021",M,,,,,,
84,JohnCornyn,Cornyn,John,Senate,Republican,Texas,None,"December 2, 2002",M,,,,,,
85,SenTedCruz,Cruz,Ted,Senate,Republican,Texas,None,"January 3, 2013",M,,,,,,
86,SenMikeLee,Lee,Mike,Senate,Republican,Utah,None,"January 3, 2011",M,,,,,,
87,SenatorRomney,Romney,Mitt,Senate,Republican,Utah,None,"January 3, 2019",M,,,,,,
88,SenatorLeahy,Leahy,Patrick,Senate,Democratic,Vermont,None,"January 3, 1975",M,,,,,,
89,SenSanders,Sanders,Bernie,Senate,Independent,Vermont,None,"January 3, 2007",M,,,,,,
90,TimKaine,Kaine,Tim,Senate,Democratic,Virginia,None,"January 3, 2013",M,,,,,,
91,MarkWarner,Warner,Mark,Senate,Democratic,Virginia,None,"January 3, 2009",M,,,,,,
92,SenatorCantwell,Cantwell,Maria,Senate,Democratic,Washington,None,"January 3, 2001",F,,,,,,
93,pattymurray,Murray,Patty,Senate,Democratic,Washington,None,"January 3, 1993",F,,,,,,
94,SenCapito,Capito,Shelley Moore,Senate,Republican,West Virginia,None,"January 3, 2015",F,,,,,,
95,Sen_JoeManchin,Manchin,Joe,Senate,Democratic,West Virginia,None,"November 15, 2010",M,,,,,,
96,SenatorBaldwin,Baldwin,Tammy,Senate,Democratic,Wisconsin,None,"January 3, 2013",F,,,,,,
97,SenRonJohnson,Johnson,Ron,Senate,Republican,Wisconsin,None,"January 3, 2011",M,,,,,,
98,senjohnbarrasso,Barrasso,John,Senate,Republican,Wyoming,None,"June 25, 2007",M,,,,,,
99,SenLummis,Lummis,Cynthia,Senate,Republican,Wyoming,None,"January 3, 2021",F,,,,,,
100,RepJerryCarl,Carl,Jerry,House,Republican,Alabama,1,"January 3, 2021",M,,,,,,
101,RepBarryMoore,Moore,Barry,House,Republican,Alabama,2,"January 3, 2021",M,,,,,,
102,RepMikeRogersAL,Rogers,Mike,House,Republican,Alabama,3,"January 3, 2003",M,,,,,,
103,Robert_Aderholt,Aderholt,Robert,House,Republican,Alabama,4,"January 3, 1997",M,,,,,,
104,RepMoBrooks,Brooks,Mo,House,Republican,Alabama,5,"January 3, 2011",M,,,,,,
105,USRepGaryPalmer,Palmer,Gary,House,Republican,Alabama,6,"January 3, 2015",M,,,,,,
106,RepTerriSewell,Sewell,Terri,House,Democratic,Alabama,7,"January 3, 2011",F,,,,,,
107,repohalleran,O'Halleran,Tom,House,Democratic,Arizona,1,"January 3, 2017",M,,,,,,
108,RepKirkpatrick,Kirkpatrick,Ann,House,Democratic,Arizona,2,"January 3, 2019",F,,,,,,
109,repraulgrijalva,Grijalva,Raul,House,Democratic,Arizona,3,"January 3, 2013",M,,,,,,
110,RepGosar,Gosar,Paul,House,Republican,Arizona,4,"January 3, 2013",M,,,,,,
111,RepAndyBiggsAZ,Biggs,Andy,House,Republican,Arizona,5,"January 3, 2017",M,,,,,,
112,RepDavid,Schweikert,David,House,Republican,Arizona,6,"January 3, 2013",M,,,,,,
113,RepRubenGallego,Gallego,Ruben,House,Democratic,Arizona,7,"January 3, 2015",M,,,,,,
114,RepDLesko,Lesko,Debbie,House,Republican,Arizona,8,"May 7, 2018",F,,,,,,
115,repgregstanton,Stanton,Greg,House,Democratic,Arizona,9,"January 3, 2019",M,,,,,,
116,RepRickCrawford,Crawford,Rick,House,Republican,Arkansas,1,"January 3, 2011",M,,,,,,
117,RepFrenchHill,Hill,French,House,Republican,Arkansas,2,"January 3, 2015",M,,,,,,
118,rep_stevewomack,Womack,Steve,House,Republican,Arkansas,3,"January 3, 2011",M,,,,,,
119,RepWesterman,Westerman,Bruce,House,Republican,Arkansas,4,"January 3, 2015",M,,,,,,
120,RepLaMalfa,LaMalfa,Doug,House,Republican,California,1,"January 3, 2013",M,,,,,,
121,RepHuffman,Huffman,Jared,House,Democratic,California,2,"January 3, 2013",M,,,,,,
122,RepGaramendi,Garamendi,John,House,Democratic,California,3,"January 3, 2013",M,,,,,,
123,RepMcClintock,McClintock,Tom,House,Republican,California,4,"January 3, 2009",M,,,,,,
124,RepThompson,Thompson,Mike,House,Democratic,California,5,"January 3, 2013",M,,,,,,
125,DorisMatsui,Matsui,Doris,House,Democratic,California,6,"January 3, 2013",F,,,,,,
126,RepBera,Bera,Ami,House,Democratic,California,7,"January 3, 2013",M,,,,,,
127,JayObernolte,Obernolte,Jay,House,Republican,California,8,"January 3, 2021",M,,,,,,
128,RepMcNerney,McNerney,Jerry,House,Democratic,California,9,"January 3, 2013",M,,,,,,
129,RepJoshHarder,Harder,Josh,House,Democratic,California,10,"January 3, 2019",M,,,,,,
130,RepDeSaulnier,DeSaulnier,Mark,House,Democratic,California,11,"January 3, 2015",M,,,,,,
131,SpeakerPelosi,Pelosi,Nancy,House,Democratic,California,12,"January 3, 2013",F,,,,,,
132,RepBarbaraLee,Lee,Barbara,House,Democratic,California,13,"January 3, 2013",F,,,,,,
133,RepSpeier,Speier,Jackie,House,Democratic,California,14,"January 3, 2013",F,,,,,,
134,RepSwalwell,Swalwell,Eric,House,Democratic,California,15,"January 3, 2013",M,,,,,,
135,RepJimCosta,Costa,Jim,House,Democratic,California,16,"January 3, 2013",M,,,,,,
136,RepRoKhanna,Khanna,Ro,House,Democratic,California,17,"January 3, 2017",M,,,,,,
137,RepAnnaEshoo,Eshoo,Anna,House,Democratic,California,18,"January 3, 2013",F,,,,,,
138,RepZoeLofgren,Lofgren,Zoe,House,Democratic,California,19,"January 3, 2013",F,,,,,,
139,RepJimmyPanetta,Panetta,Jimmy,House,Democratic,California,20,"January 3, 2017",M,,,,,,
140,RepDavidValadao,Valadao,David,House,Republican,California,21,"January 3, 2021",M,,,,,,
141,GOPLeader,McCarthy,Kevin,House,Republican,California,23,"January 3, 2013",M,,,,,,
142,RepCarbajal,Carbajal,Salud,House,Democratic,California,24,"January 3, 2017",M,,,,,,
143,RepMikeGarcia,Garcia,Mike,House,Republican,California,25,"May 19, 2020",M,,,,,,
144,RepBrownley,Brownley,Julia,House,Democratic,California,26,"January 3, 2013",F,,,,,,
145,RepJudyChu,Chu,Judy,House,Democratic,California,27,"January 3, 2013",F,,,,,,
146,RepAdamSchiff,Schiff,Adam,House,Democratic,California,28,"January 3, 2013",M,,,,,,
147,RepCardenas,Cárdenas,Tony,House,Democratic,California,29,"January 3, 2013",M,,,,,,
148,BradSherman,Sherman,Brad,House,Democratic,California,30,"January 3, 2013",M,,,,,,
149,RepPeteAguilar,Aguilar,Pete,House,Democratic,California,31,"January 3, 2015",M,,,,,,
150,gracenapolitano,Napolitano,Grace,House,Democratic,California,32,"January 3, 2013",F,,,,,,
151,RepTedLieu,Lieu,Ted,House,Democratic,California,33,"January 3, 2015",M,,,,,,
152,RepJimmyGomez,Gomez,Jimmy,House,Democratic,California,34,"July 11, 2017",M,,,,,,
153,NormaJTorres,Torres,Norma,House,Democratic,California,35,"January 3, 2015",F,,,,,,
154,RepRaulRuizMD,Ruiz,Raul,House,Democratic,California,36,"January 3, 2013",M,,,,,,
155,RepKarenBass,Bass,Karen,House,Democratic,California,37,"January 3, 2013",F,,,,,,
156,RepLindaSanchez,Sánchez,Linda,House,Democratic,California,38,"January 3, 2013",F,,,,,,
157,RepYoungKim,Kim,Young,House,Republican,California,39,"January 3, 2021",F,,,,,,
158,RepRoybalAllard,RoybalAllard,Lucille,House,Democratic,California,40,"January 3, 2013",F,,,,,,
159,RepMarkTakano,Takano,Mark,House,Democratic,California,41,"January 3, 2013",M,,,,,,
160,KenCalvert,Calvert,Ken,House,Republican,California,42,"January 3, 2013",M,,,,,,
161,RepMaxineWaters,Waters,Maxine,House,Democratic,California,43,"January 3, 2013",F,,,,,,
162,RepBarragan,Barragán,Nanette,House,Democratic,California,44,"January 3, 2017",F,,,,,,
163,RepKatiePorter,Porter,Katie,House,Democratic,California,45,"January 3, 2019",F,,,,,,
164,RepLouCorrea,Correa,Lou,House,Democratic,California,46,"January 3, 2017",M,,,,,,
165,RepLowenthal,Lowenthal,Alan,House,Democratic,California,47,"January 3, 2013",M,,,,,,
166,RepSteel,Steel,Michelle,House,Republican,California,48,"January 3, 2021",F,,,,,,
167,RepMikeLevin,Levin,Mike,House,Democratic,California,49,"January 3, 2019",M,,,,,,
168,repdarrellissa,Issa,Darrell,House,Republican,California,50,"January 3, 2021",M,,,,,,
169,RepJuanVargas,Vargas,Juan,House,Democratic,California,51,"January 3, 2013",M,,,,,,
170,RepScottPeters,Peters,Scott,House,Democratic,California,52,"January 3, 2013",M,,,,,,
171,RepSaraJacobs,Jacobs,Sara,House,Democratic,California,53,"January 3, 2021",F,,,,,,
172,RepDianaDeGette,DeGette,Diana,House,Democratic,Colorado,1,"January 3, 1997",F,,,,,,
173,RepJoeNeguse,Neguse,Joe,House,Democratic,Colorado,2,"January 3, 2019",M,,,,,,
174,RepBoebert,Boebert,Lauren,House,Republican,Colorado,3,"January 3, 2021",F,,,,,,
175,RepKenBuck,Buck,Ken,House,Republican,Colorado,4,"January 3, 2015",M,,,,,,
176,RepDLamborn,Lamborn,Doug,House,Republican,Colorado,5,"January 3, 2007",M,,,,,,
177,RepJasonCrow,Crow,Jason,House,Democratic,Colorado,6,"January 3, 2019",M,,,,,,
178,repperlmutter,Perlmutter,Ed,House,Democratic,Colorado,7,"January 3, 2007",M,,,,,,
179,RepJohnLarson,Larson,John,House,Democratic,Connecticut,1,"January 3, 1999",M,,,,,,
180,repjoecourtney,Courtney,Joe,House,Democratic,Connecticut,2,"January 3, 2007",M,,,,,,
181,rosadelauro,DeLauro,Rosa,House,Democratic,Connecticut,3,"January 3, 1991",F,,,,,,
182,jahimes,Himes,Jim,House,Democratic,Connecticut,4,"January 3, 2009",M,,,,,,
183,RepJahanaHayes,Hayes,Jahana,House,Democratic,Connecticut,5,"January 3, 2019",F,,,,,,
184,RepLBR,Rochester,Lisa Blunt,House,Democratic,Delaware,1,"January 3, 2017",F,,,,,,
185,RepMattGaetz,Gaetz,Matt,House,Republican,Florida,1,"January 3, 2017",M,,,,,,
186,DrNealDunnFL2,Dunn,Neal,House,Republican,Florida,2,"January 3, 2017",M,,,,,,
187,RepKatCammack,Cammack,Kat,House,Republican,Florida,3,"January 3, 2021",F,,,,,,
188,RepRutherfordFL,Rutherford,John,House,Republican,Florida,4,"January 3, 2017",M,,,,,,
189,RepAlLawsonJr,Lawson,Alfred,House,Democratic,Florida,5,"January 3, 2017",M,,,,,,
190,michaelgwaltz,Waltz,Michael,House,Republican,Florida,6,"January 3, 2019",M,,,,,,
191,RepStephMurphy,Murphy,Stephanie,House,Democratic,Florida,7,"January 3, 2017",F,,,,,,
192,congbillposey,Posey,Bill,House,Republican,Florida,8,"January 3, 2013",M,,,,,,
193,RepDarrenSoto,Soto,Darren,House,Democratic,Florida,9,"January 3, 2017",M,,,,,,
194,RepValDemings,Demings,Val,House,Democratic,Florida,10,"January 3, 2017",F,,,,,,
195,RepWebster,Webster,Daniel,House,Republican,Florida,11,"January 3, 2017",M,,,,,,
196,RepGusBilirakis,Bilirakis,Gus,House,Republican,Florida,12,"January 3, 2013",M,,,,,,
197,RepCharlieCrist,Crist,Charlie,House,Democratic,Florida,13,"January 3, 2017",M,,,,,,
198,USRepKCastor,Castor,Kathy,House,Democratic,Florida,14,"January 3, 2013",F,,,,,,
199,RepFranklin,Franklin,Scott,House,Republican,Florida,15,"January 3, 2021",M,,,,,,
200,VernBuchanan,Buchanan,Vern,House,Republican,Florida,16,"January 3, 2013",M,,,,,,
201,RepGregSteube,Steube,Greg,House,Republican,Florida,17,"January 3, 2019",M,,,,,,
202,RepBrianMast,Mast,Brian,House,Republican,Florida,18,"January 3, 2017",M,,,,,,
203,RepDonaldsPress,Donalds,Byron,House,Republican,Florida,19,"January 3, 2021",M,,,,,,
204,CongresswomanSC,Cherfilus,Sheila,House,Democratic,Florida,20,"January 18, 2022",F,,,,,,
205,RepLoisFrankel,Frankel,Lois,House,Democratic,Florida,21,"January 3, 2017",F,,,,,,
206,RepTedDeutch,Deutch,Ted,House,Democratic,Florida,22,"January 3, 2017",M,,,,,,
207,RepDWStweets,WassermanSchultz,Debbie,House,Democratic,Florida,23,"January 3, 2013",F,,,,,,
208,RepWilson,Wilson,Frederica,House,Democratic,Florida,24,"January 3, 2013",F,,,,,,
209,MarioDB,DiazBalart,Mario,House,Republican,Florida,25,"January 3, 2003",M,,,,,,
210,RepCarlos,Gimenez,Carlos,House,Republican,Florida,26,"January 3, 2021",M,,,,,,
211,RepMariaSalazar,Salazar,Maria Elvira,House,Republican,Florida,27,"January 3, 2021",F,,,,,,
212,repBuddyCarter,Carter,"Earl ""Buddy""",House,Republican,Georgia,1,"January 3, 2015",M,,,,,,
213,SanfordBishop,Bishop,Sanford,House,Democratic,Georgia,2,"January 3, 1993",M,,,,,,
214,RepDrewFerguson,Ferguson,Drew,House,Republican,Georgia,3,"January 3, 2017",M,,,,,,
215,RepHankJohnson,Johnson,Hank,House,Democratic,Georgia,4,"January 3, 2007",M,,,,,,
216,RepNikema,Williams,Nikema,House,Democratic,Georgia,5,"January 3, 2021",F,,,,,,
217,RepLucyMcBath,McBath,Lucy,House,Democratic,Georgia,6,"January 3, 2019",F,,,,,,
218,RepBourdeaux,Bourdeaux,Carolyn,House,Democratic,Georgia,7,"January 3, 2021",F,,,,,,
219,AustinScottGA08,Scott,Austin,House,Republican,Georgia,8,"January 3, 2011",M,,,,,,
220,Rep_Clyde,Clyde,Andrew,House,Republican,Georgia,9,"January 3, 2021",M,,,,,,
221,congressmanhice,Hice,Jody,House,Republican,Georgia,10,"January 3, 2015",M,,,,,,
222,reploudermilk,Loudermilk,Barry,House,Republican,Georgia,11,"January 3, 2015",M,,,,,,
223,RepRickAllen,Allen,Rick,House,Republican,Georgia,12,"January 3, 2015",M,,,,,,
224,repdavidscott,Scott,David,House,Democratic,Georgia,13,"January 3, 2003",M,,,,,,
225,RepMTG,Greene,Marjorie Taylor,House,Republican,Georgia,14,"January 3, 2021",F,,,,,,
226,RepEdCase,Case,Ed,House,Democratic,Hawaii,1,"January 3, 2019",M,,,,,,
227,RepKahele,Kahele,Kaiali'i,House,Democratic,Hawaii,2,"January 3, 2021",M,,,,,,
228,RepRussFulcher,Fulcher,Russ,House,Republican,Idaho,1,"January 3, 2019",M,,,,,,
229,CongMikeSimpson,Simpson,Michael,House,Republican,Idaho,2,"January 3, 1999",M,,,,,,
230,repbobbyrush,Rush,Bobby,House,Democratic,Illinois,1,"January 3, 1993",M,,,,,,
231,RepRobinKelly,Kelly,Robin,House,Democratic,Illinois,2,"April 11, 2013",F,,,,,,
232,RepMarieNewman,Newman,Marie,House,Democratic,Illinois,3,"January 3, 2021",F,,,,,,
233,RepChuyGarcia,Garcia,Jesus,House,Democratic,Illinois,4,"January 3, 2019",M,,,,,,
234,RepMikeQuigley,Quigley,Mike,House,Democratic,Illinois,5,"April 7, 2009",M,,,,,,
235,RepCasten,Casten,Sean,House,Democratic,Illinois,6,"January 3, 2019",M,,,,,,
236,RepDannyDavis,Davis,Danny K.,House,Democratic,Illinois,7,"January 3, 1997",M,,,,,,
237,CongressmanRaja,Krishnamoorthi,Raja,House,Democratic,Illinois,8,"January 3, 2017",M,,,,,,
238,RepSchakowsky,Schakowsky,Jan,House,Democratic,Illinois,9,"January 3, 1999",F,,,,,,
239,repschneider,Schneider,Brad,House,Democratic,Illinois,10,"January 3, 2017",M,,,,,,
240,RepBillFoster,Foster,Bill,House,Democratic,Illinois,11,"January 3, 2013",M,,,,,,
241,RepBost,Bost,Mike,House,Republican,Illinois,12,"January 3, 2015",M,,,,,,
242,RodneyDavis,Davis,Rodney,House,Republican,Illinois,13,"January 3, 2013",M,,,,,,
243,RepUnderwood,Underwood,Lauren,House,Democratic,Illinois,14,"January 3, 2019",F,,,,,,
244,RepMaryMiller,Miller,Mary,House,Republican,Illinois,15,"January 3, 2021",F,,,,,,
245,repkinzinger,Kinzinger,Adam,House,Republican,Illinois,16,"January 3, 2013",M,,,,,,
246,RepCheri,Bustos,Cheri,House,Democratic,Illinois,17,"January 3, 2013",F,,,,,,
247,RepLaHood,LaHood,Darin,House,Republican,Illinois,18,"September 17, 2015",M,,,,,,
248,RepMrvan,Mrvan,Frank,House,Democratic,Indiana,1,"January 3, 2021",M,,,,,,
249,RepWalorski,Walorski,Jackie,House,Republican,Indiana,2,"January 3, 2013",F,,,,,,
250,RepJimBanks,Banks,Jim,House,Republican,Indiana,3,"January 3, 2017",M,,,,,,
251,RepJimBaird,Baird,James,House,Republican,Indiana,4,"January 3, 2019",M,,,,,,
252,RepSpartz,Spartz,Victoria,House,Republican,Indiana,5,"January 3, 2021",F,,,,,,
253,RepGregPence,Pence,Greg,House,Republican,Indiana,6,"January 3, 2019",M,,,,,,
254,RepAndreCarson,Carson,André,House,Democratic,Indiana,7,"March 13, 2008",M,,,,,,
255,RepLarryBucshon,Bucshon,Larry,House,Republican,Indiana,8,"January 3, 2011",M,,,,,,
256,RepTrey,Hollingsworth,Trey,House,Republican,Indiana,9,"January 3, 2017",M,,,,,,
257,RepAshleyHinson,Hinson,Ashley,House,Republican,Iowa,1,"January 3, 2021",F,,,,,,
258,RepMMM,MillerMeeks,Mariannette,House,Republican,Iowa,2,"January 3, 2021",F,,,,,,
259,RepCindyAxne,Axne,Cindy,House,Democratic,Iowa,3,"January 3, 2019",F,,,,,,
260,RepFeenstra,Feenstra,Randy,House,Republican,Iowa,4,"January 3, 2021",M,,,,,,
261,RepMann,Mann,Tracey,House,Republican,Kansas,1,"January 3, 2021",M,,,,,,
262,RepLaTurner,LaTurner,Jacob,House,Republican,Kansas,2,"January 3, 2021",M,,,,,,
263,RepDavids,Davids,Sharice,House,Democratic,Kansas,3,"January 3, 2019",F,,,,,,
264,RepRonEstes,Estes,Ron,House,Republican,Kansas,4,"April 25, 2017",M,,,,,,
265,RepJamesComer,Comer,James,House,Republican,Kentucky,1,"November 14, 2016",M,,,,,,
266,RepGuthrie,Guthrie,Brett,House,Republican,Kentucky,2,"January 3, 2009",M,,,,,,
267,RepJohnYarmuth,Yarmuth,John,House,Democratic,Kentucky,3,"January 3, 2007",M,,,,,,
268,RepThomasMassie,Massie,Thomas,House,Republican,Kentucky,4,"November 13, 2012",M,,,,,,
269,RepHalRogers,Rogers,Hal,House,Republican,Kentucky,5,"January 3, 1981",M,,,,,,
270,RepAndyBarr,Barr,Andy,House,Republican,Kentucky,6,"January 3, 2013",M,,,,,,
271,SteveScalise,Scalise,Steve,House,Republican,Louisiana,1,"May 3, 2008",M,,,,,,
272,RepTroyCarter,Carter,Troy,House,Democratic,Louisiana,2,"May 11, 2021",M,,,,,,
273,RepClayHiggins,Higgins,Clay,House,Republican,Louisiana,3,"January 3, 2017",M,,,,,,
274,RepMikeJohnson,Johnson,Mike,House,Republican,Louisiana,4,"January 3, 2017",M,,,,,,
275,repjulialetlow,Letlow,Julia,House,Republican,Louisiana,5,"April 14, 2021",F,,,,,,
276,RepGarretGraves,Graves,Garret,House,Republican,Louisiana,6,"January 3, 2015",M,,,,,,
277,chelliepingree,Pingree,Chellie,House,Democratic,Maine,1,"January 3, 2009",F,,,,,,
278,RepGolden,Golden,Jared,House,Democratic,Maine,2,"January 3, 2019",M,,,,,,
279,RepAndyHarrisMD,Harris,Andrew,House,Republican,Maryland,1,"January 3, 2011",M,,,,,,
280,Call_Me_Dutch,Ruppersberger,Dutch,House,Democratic,Maryland,2,"January 3, 2003",M,,,,,,
281,RepSarbanes,Sarbanes,John,House,Democratic,Maryland,3,"January 3, 2007",M,,,,,,
282,RepAnthonyBrown,Brown,Anthony,House,Democratic,Maryland,4,"January 3, 2017",M,,,,,,
283,LeaderHoyer,Hoyer,Steny,House,Democratic,Maryland,5,"May 19, 1981",M,,,,,,
284,repdavidtrone,Trone,David,House,Democratic,Maryland,6,"January 3, 2019",M,,,,,,
285,RepKweisiMfume,Mfume,Kweisi,House,Democratic,Maryland,7,"May 5, 2020",M,,,,,,
286,repraskin,Raskin,Jamie,House,Democratic,Maryland,8,"January 3, 2017",M,,,,,,
287,RepRichardNeal,Neal,Richard,House,Democratic,Massachusetts,1,"January 3, 2013",M,,,,,,
288,RepMcGovern,McGovern,Jim,House,Democratic,Massachusetts,2,"January 3, 2013",M,,,,,,
289,RepLoriTrahan,Trahan,Lori,House,Democratic,Massachusetts,3,"January 3, 2019",F,,,,,,
290,RepAuchincloss,Auchincloss,Jake,House,Democratic,Massachusetts,4,"January 3, 2021",M,,,,,,
291,RepKClark,Clark,Katherine,House,Democratic,Massachusetts,5,"December 12, 2013",F,,,,,,
292,SethMoulton,Moulton,Seth,House,Democratic,Massachusetts,6,"January 3, 2015",M,,,,,,
293,RepPressley,Pressley,Ayanna,House,Democratic,Massachusetts,7,"January 3, 2019",F,,,,,,
294,RepStephenLynch,Lynch,Stephen,House,Democratic,Massachusetts,8,"January 3, 2013",M,,,,,,
295,USRepKeating,Keating,Bill,House,Democratic,Massachusetts,9,"January 3, 2013",M,,,,,,
296,RepJackBergman,Bergman,Jack,House,Republican,Michigan,1,"January 3, 2017",M,,,,,,
297,RepHuizenga,Huizenga,Bill,House,Republican,Michigan,2,"January 3, 2011",M,,,,,,
298,RepMeijer,Meijer,Peter,House,Republican,Michigan,3,"January 3, 2021",M,,,,,,
299,RepMoolenaar,Moolenaar,John,House,Republican,Michigan,4,"January 3, 2015",M,,,,,,
300,RepDanKildee,Kildee,Dan,House,Democratic,Michigan,5,"January 3, 2013",M,,,,,,
301,RepFredUpton,Upton,Fred,House,Republican,Michigan,6,"January 3, 1993",M,,,,,,
302,RepWalberg,Walberg,Tim,House,Republican,Michigan,7,"January 3, 2011",M,,,,,,
303,RepSlotkin,Slotkin,Elissa,House,Democratic,Michigan,8,"January 3, 2019",F,,,,,,
304,repandylevin,Levin,Andy,House,Democratic,Michigan,9,"January 3, 2019",M,,,,,,
305,RepLisaMcClain,McClain,Lisa,House,Republican,Michigan,10,"January 3, 2021",F,,,,,,
306,RepHaleyStevens,Stevens,Haley,House,Democratic,Michigan,11,"January 3, 2019",F,,,,,,
307,RepDebDingell,Dingell,Debbie,House,Democratic,Michigan,12,"January 3, 2015",F,,,,,,
308,RepRashida,Tlaib,Rashida,House,Democratic,Michigan,13,"January 3, 2019",F,,,,,,
309,RepLawrence,Lawrence,Brenda,House,Democratic,Michigan,14,"January 3, 2015",F,,,,,,
310,RepAngieCraig,Craig,Angie,House,Democratic,Minnesota,2,"January 3, 2019",F,,,,,,
311,RepDeanPhillips,Phillips,Dean,House,Democratic,Minnesota,3,"January 3, 2019",M,,,,,,
312,BettyMcCollum04,McCollum,Betty,House,Democratic,Minnesota,4,"January 3, 2001",F,,,,,,
313,Ilhan,Omar,Ilhan,House,Democratic,Minnesota,5,"January 3, 2019",F,,,,,,
314,RepTomEmmer,Emmer,Tom,House,Republican,Minnesota,6,"January 3, 2015",M,,,,,,
315,RepFischbach,Fischbach,Michelle,House,Republican,Minnesota,7,"January 3, 2021",F,,,,,,
316,RepPeteStauber,Stauber,Pete,House,Republican,Minnesota,8,"January 3, 2019",M,,,,,,
317,reptrentkelly,Kelly,Trent,House,Republican,Mississippi,1,"June 9, 2015",M,,,,,,
318,BennieGThompson,Thompson,Bennie,House,Democratic,Mississippi,2,"April 20, 1993",M,,,,,,
319,RepMichaelGuest,Guest,Michael,House,Republican,Mississippi,3,"January 3, 2019",M,,,,,,
320,CongPalazzo,Palazzo,Steven,House,Republican,Mississippi,4,"January 3, 2011",M,,,,,,
321,RepCori,Bush,Cori,House,Democratic,Missouri,1,"January 3, 2021",F,,,,,,
322,RepAnnWagner,Wagner,Ann,House,Republican,Missouri,2,"January 3, 2013",F,,,,,,
323,RepBlaine,Luetkemeyer,Blaine,House,Republican,Missouri,3,"January 3, 2013",M,,,,,,
324,rephartzler,Hartzler,Vicky,House,Republican,Missouri,4,"January 3, 2011",F,,,,,,
325,repcleaver,Cleaver,Emanuel,House,Democratic,Missouri,5,"January 3, 2005",M,,,,,,
326,RepSamGraves,Graves,Sam,House,Republican,Missouri,6,"January 3, 2001",M,,,,,,
327,USRepLong,Long,Billy,House,Republican,Missouri,7,"January 3, 2011",M,,,,,,
328,RepJasonSmith,Smith,Jason,House,Republican,Missouri,8,"June 5, 2013",M,,,,,,
329,RepRosendale,Rosendale,Matt,House,Republican,Montana,1,"January 3, 2021",M,,,,,,
330,repdonbacon,Bacon,Don,House,Republican,Nebraska,2,"January 3, 2017",M,,,,,,
331,RepAdrianSmith,Smith,Adrian,House,Republican,Nebraska,3,"January 3, 2007",M,,,,,,
332,repdinatitus,Titus,Dina,House,Democratic,Nevada,1,"January 3, 2013",F,,,,,,
333,markamodeinv2,Amodei,Mark,House,Republican,Nevada,2,"January 3, 2011",M,,,,,,
334,RepSusieLee,Lee,Susie,House,Democratic,Nevada,3,"January 3, 2019",F,,,,,,
335,RepHorsford,Horsford,Steven,House,Democratic,Nevada,4,"January 3, 2019",M,,,,,,
336,RepChrisPappas,Pappas,Chris,House,Democratic,New Hampshire,1,"January 3, 2019",M,,,,,,
337,RepAnnieKuster,Kuster,Annie,House,Democratic,New Hampshire,2,"January 3, 2013",F,,,,,,
338,DonaldNorcross,Norcross,Donald,House,Democratic,New Jersey,1,"November 12, 2014",M,,,,,,
339,Congressman_JVD,VanDrew,Jeff,House,Republican,New Jersey,2,"January 3, 2019",M,,,,,,
340,RepAndyKimNJ,Kim,Andrew,House,Democratic,New Jersey,3,"January 3, 2019",M,,,,,,
341,,Smith,Chris,House,Republican,New Jersey,4,"January 3, 1981",M,,,,,,
342,RepJoshG,Gottheimer,Josh,House,Democratic,New Jersey,5,"January 3, 2017",M,,,,,,
343,frankpallone,Pallone,Frank,House,Democratic,New Jersey,6,"January 3, 1993",M,,,,,,
344,RepMalinowski,Malinowski,Tom,House,Democratic,New Jersey,7,"January 3, 2019",M,,,,,,
345,RepSires,Sires,Albio,House,Democratic,New Jersey,8,"January 3, 2013",M,,,,,,
346,BillPascrell,Pascrell,Bill,House,Democratic,New Jersey,9,"January 3, 2013",M,,,,,,
347,RepDonaldPayne,Payne,Donald,House,Democratic,New Jersey,10,"January 3, 2013",M,,,,,,
348,RepSherrill,Sherrill,Mikie,House,Democratic,New Jersey,11,"January 3, 2019",F,,,,,,
349,RepBonnie,Coleman,Bonnie Watson,House,Democratic,New Jersey,12,"January 3, 2015",F,,,,,,
350,Rep_Stansbury,Stansbury,Melanie Ann,House,Democratic,New Mexico,1,"June 14, 2021",F,,,,,,
351,RepHerrell,Herrell,Yvette,House,Republican,New Mexico,2,"January 3, 2021",F,,,,,,
352,RepTeresaLF,Fernandez,Teresa Leger,House,Democratic,New Mexico,3,"January 3, 2021",F,,,,,,
353,RepLeeZeldin,Zeldin,Lee,House,Republican,New York,1,"January 3, 2015",M,,,,,,
354,RepGarbarino,Garbarino,Andrew,House,Republican,New York,2,"January 3, 2021",M,,,,,,
355,RepTomSuozzi,Suozzi,Tom,House,Democratic,New York,3,"January 3, 2017",M,,,,,,
356,repkathleenrice,Rice,Kathleen,House,Democratic,New York,4,"January 3, 2015",F,,,,,,
357,repgregorymeeks,Meeks,Gregory,House,Democratic,New York,5,"January 3, 2013",M,,,,,,
358,RepGraceMeng,Meng,Grace,House,Democratic,New York,6,"January 3, 2013",F,,,,,,
359,NydiaVelazquez,Velazquez,Nydia,House,Democratic,New York,7,"January 3, 2013",F,,,,,,
360,RepJeffries,Jeffries,Hakeem,House,Democratic,New York,8,"January 3, 2013",M,,,,,,
361,RepYvetteClarke,Clarke,Yvette,House,Democratic,New York,9,"January 3, 2013",F,,,,,,
362,RepJerryNadler,Nadler,Jerrold,House,Democratic,New York,10,"January 3, 2013",M,,,,,,
363,RepMalliotakis,Malliotakis,Nicole,House,Republican,New York,11,"January 3, 2021",F,,,,,,
364,RepMaloney,Maloney,Carolyn,House,Democratic,New York,12,"January 3, 2013",F,,,,,,
365,RepEspaillat,Espaillat,Adriano,House,Democratic,New York,13,"January 3, 2017",M,,,,,,
366,RepAOC,OcasioCortez,Alexandria,House,Democratic,New York,14,"January 3, 2019",F,,,,,,
367,RepRitchie,Torres,Ritchie,House,Democratic,New York,15,"January 3, 2021",M,,,,,,
368,RepBowman,Bowman,Jamaal,House,Democratic,New York,16,"January 3, 2021",M,,,,,,
369,RepMondaire,Jones,Mondaire,House,Democratic,New York,17,"January 3, 2021",M,,,,,,
370,repseanmaloney,Maloney,Sean,House,Democratic,New York,18,"January 3, 2013",M,,,,,,
371,reppaultonko,Tonko,Paul,House,Democratic,New York,20,"January 3, 2013",M,,,,,,
372,RepStefanik,Stefanik,Elise,House,Republican,New York,21,"January 3, 2015",F,,,,,,
373,RepTenney,Tenney,Claudia,House,Republican,New York,22,"January 3, 2021",F,,,,,,
374,RepJohnKatko,Katko,John,House,Republican,New York,24,"January 3, 2015",M,,,,,,
375,repjoemorelle,Morelle,Joseph,House,Democratic,New York,25,"November 13, 2018",M,,,,,,
376,repbrianhiggins,Higgins,Brian,House,Democratic,New York,26,"January 3, 2013",M,,,,,,
377,RepJacobs,Jacobs,Christopher,House,Republican,New York,27,"July 21, 2020",M,,,,,,
378,GKButterfield,Butterfield,G.K.,House,Democratic,North Carolina,1,"July 20, 2004",M,,,,,,
379,RepDeborahRoss,Ross,Deborah,House,Democratic,North Carolina,2,"January 3, 2021",F,,,,,,
380,RepGregMurphy,Murphy,Gregory,House,Republican,North Carolina,3,"September 17, 2019",M,,,,,,
381,RepDavidEPrice,Price,David,House,Democratic,North Carolina,4,"January 3, 1997",M,,,,,,
382,virginiafoxx,Foxx,Virginia,House,Republican,North Carolina,5,"January 3, 2005",F,,,,,,
383,RepKManning,Manning,Kathy,House,Democratic,North Carolina,6,"January 3, 2021",F,,,,,,
384,RepDavidRouzer,Rouzer,David,House,Republican,North Carolina,7,"January 3, 2015",M,,,,,,
385,RepRichHudson,Hudson,Richard,House,Republican,North Carolina,8,"January 3, 2013",M,,,,,,
386,RepDanBishop,Bishop,Dan,House,Republican,North Carolina,9,"September 17, 2019",M,,,,,,
387,PatrickMcHenry,McHenry,Patrick,House,Republican,North Carolina,10,"January 3, 2005",M,,,,,,
388,RepCawthorn,Cawthorn,Madison,House,Republican,North Carolina,11,"January 3, 2021",M,,,,,,
389,RepAdams,Adams,Alma,House,Democratic,North Carolina,12,"November 12, 2014",F,,,,,,
390,RepTedBudd,Budd,Ted,House,Republican,North Carolina,13,"January 3, 2017",M,,,,,,
391,RepArmstrongND,Armstrong,Kelly,House,Republican,North Dakota,1,"January 3, 2019",F,,,,,,
392,repstevechabot,Chabot,Steve,House,Republican,Ohio,1,"January 3, 2011",M,,,,,,
393,RepBradWenstrup,Wenstrup,Brad,House,Republican,Ohio,2,"January 3, 2013",M,,,,,,
394,RepBeatty,Beatty,Joyce,House,Democratic,Ohio,3,"January 3, 2013",F,,,,,,
395,Jim_Jordan,Jordan,Jim,House,Republican,Ohio,4,"January 3, 2007",M,,,,,,
396,boblatta,Latta,Bob,House,Republican,Ohio,5,"January 3, 2007",M,,,,,,
397,RepBillJohnson,Johnson,Bill,House,Republican,Ohio,6,"January 3, 2011",M,,,,,,
398,repbobgibbs,Gibbs,Bob,House,Republican,Ohio,7,"January 3, 2013",M,,,,,,
399,warrendavidson,Davidson,Warren,House,Republican,Ohio,8,"June 9, 2016",M,,,,,,
400,RepMarcyKaptur,Kaptur,Marcy,House,Democratic,Ohio,9,"January 3, 1983",F,,,,,,
401,RepMikeTurner,Turner,Michael,House,Republican,Ohio,10,"January 3, 2013",M,,,,,,
402,RepShontelBrown,Brown,Shontel,House,Democratic,Ohio,11,"November 4, 2021",F,,,,,,
403,RepBalderson,Balderson,Troy,House,Republican,Ohio,12,"September 5, 2018",M,,,,,,
404,RepTimRyan,Ryan,Tim,House,Democratic,Ohio,13,"January 3, 2013",M,,,,,,
405,RepDaveJoyce,Joyce,David,House,Republican,Ohio,14,"January 3, 2013",M,,,,,,
406,MikeCareyOH15,Carey,Mike,House,Republican,Ohio,15,"November 4, 2021",M,,,,,,
407,RepAGonzalez,Gonzalez,Anthony,House,Republican,Ohio,16,"January 3, 2019",M,,,,,,
408,repkevinhern,Hern,Kevin,House,Republican,Oklahoma,1,"November 13, 2018",M,,,,,,
409,RepMullin,Mullin,Markwayne,House,Republican,Oklahoma,2,"January 3, 2013",M,,,,,,
410,RepFrankLucas,Lucas,Frank,House,Republican,Oklahoma,3,"January 3, 2003",M,,,,,,
411,TomColeOK04,Cole,Tom,House,Republican,Oklahoma,4,"January 3, 2003",M,,,,,,
412,RepBice,Bice,Stephanie,House,Republican,Oklahoma,5,"January 3, 2021",F,,,,,,
413,repbonamici,Bonamici,Suzanne,House,Democratic,Oregon,1,"February 7, 2012",F,,,,,,
414,RepBentz,Bentz,Cliff,House,Republican,Oregon,2,"January 3, 2021",M,,,,,,
415,repblumenauer,Blumenauer,Earl,House,Democratic,Oregon,3,"May 21, 1996",M,,,,,,
416,RepPeterDeFazio,DeFazio,Peter,House,Democratic,Oregon,4,"January 3, 1987",M,,,,,,
417,repschrader,Schrader,Kurt,House,Democratic,Oregon,5,"January 3, 2009",M,,,,,,
418,RepBrianFitz,Fitzpatrick,Brian,House,Republican,Pennsylvania,1,"January 3, 2019",M,,,,,,
419,CongBoyle,Boyle,Brendan,House,Democratic,Pennsylvania,2,"January 3, 2019",M,,,,,,
420,RepDwightEvans,Evans,Dwight,House,Democratic,Pennsylvania,3,"January 3, 2019",M,,,,,,
421,RepDean,Dean,Madeleine,House,Democratic,Pennsylvania,4,"January 3, 2019",F,,,,,,
422,repmgs,Scanlon,Mary Gay,House,Democratic,Pennsylvania,5,"January 3, 2019",F,,,,,,
423,rephoulahan,Houlahan,Chrissy,House,Democratic,Pennsylvania,6,"January 3, 2019",F,,,,,,
424,RepSusanWild,Wild,Susan,House,Democratic,Pennsylvania,7,"January 3, 2019",F,,,,,,
425,RepCartwright,Cartwright,Matt,House,Democratic,Pennsylvania,8,"January 3, 2019",M,,,,,,
426,RepMeuser,Meuser,Dan,House,Republican,Pennsylvania,9,"January 3, 2019",M,,,,,,
427,RepScottPerry,Perry,Scott,House,Republican,Pennsylvania,10,"January 3, 2019",M,,,,,,
428,RepSmucker,Smucker,Lloyd,House,Republican,Pennsylvania,11,"January 3, 2019",M,,,,,,
429,RepFredKeller,Keller,Fred,House,Republican,Pennsylvania,12,"June 3, 2019",M,,,,,,
430,RepJohnJoyce,Joyce,John,House,Republican,Pennsylvania,13,"January 3, 2019",M,,,,,,
431,GReschenthaler,Reschenthaler,Guy,House,Republican,Pennsylvania,14,"January 3, 2019",M,,,,,,
432,CongressmanGT,Thompson,Glenn,House,Republican,Pennsylvania,15,"January 3, 2019",M,,,,,,
433,MikeKellyPA,Kelly,Mike,House,Republican,Pennsylvania,16,"January 3, 2019",M,,,,,,
434,RepConorLamb,Lamb,Conor,House,Democratic,Pennsylvania,17,"January 3, 2019",M,,,,,,
435,USRepMikeDoyle,Doyle,Michael,House,Democratic,Pennsylvania,18,"January 3, 2019",M,,,,,,
436,RepCicilline,Cicilline,David,House,Democratic,Rhode Island,1,"January 3, 2011",M,,,,,,
437,JimLangevin,Langevin,Jim,House,Democratic,Rhode Island,2,"January 3, 2001",M,,,,,,
438,RepNancyMace,Mace,Nancy,House,Republican,South Carolina,1,"January 3, 2021",F,,,,,,
439,RepJoeWilson,Wilson,Joe,House,Republican,South Carolina,2,"January 3, 2001",M,,,,,,
440,RepJeffDuncan,Duncan,Jeff,House,Republican,South Carolina,3,"January 3, 2011",M,,,,,,
441,RepTimmons,Timmons,William,House,Republican,South Carolina,4,"January 3, 2019",M,,,,,,
442,RepRalphNorman,Norman,Ralph,House,Republican,South Carolina,5,"June 26, 2017",M,,,,,,
443,WhipClyburn,Clyburn,James,House,Democratic,South Carolina,6,"January 3, 1993",M,,,,,,
444,RepTomRice,Rice,Tom,House,Republican,South Carolina,7,"January 3, 2013",M,,,,,,
445,RepDustyJohnson,Johnson,Dusty,House,Republican,South Dakota,1,"January 3, 2019",M,,,,,,
446,RepHarshbarger,Harshbarger,Diana,House,Republican,Tennessee,1,"January 3, 2021",F,,,,,,
447,RepTimBurchett,Burchett,Tim,House,Republican,Tennessee,2,"January 3, 2019",M,,,,,,
448,RepChuck,Fleischmann,Charles,House,Republican,Tennessee,3,"January 3, 2011",M,,,,,,
449,DesJarlaisTN04,DesJarlais,Scott,House,Republican,Tennessee,4,"January 3, 2011",M,,,,,,
450,repjimcooper,Cooper,Jim,House,Democratic,Tennessee,5,"January 3, 2003",M,,,,,,
451,repjohnrose,Rose,John,House,Republican,Tennessee,6,"January 3, 2019",M,,,,,,
452,RepMarkGreen,Green,Mark,House,Republican,Tennessee,7,"January 3, 2019",M,,,,,,
453,RepDavidKustoff,Kustoff,David,House,Republican,Tennessee,8,"January 3, 2017",M,,,,,,
454,RepCohen,Cohen,Steve,House,Democratic,Tennessee,9,"January 3, 2007",M,,,,,,
455,replouiegohmert,Gohmert,Louie,House,Republican,Texas,1,"January 3, 2005",M,,,,,,
456,RepDanCrenshaw,Crenshaw,Daniel,House,Republican,Texas,2,"January 3, 2019",M,,,,,,
457,RepVanTaylor,Taylor,Van,House,Republican,Texas,3,"January 3, 2019",M,,,,,,
458,RepPatFallon,Fallon,Pat,House,Republican,Texas,4,"January 3, 2021",M,,,,,,
459,Lancegooden,Gooden,Lance,House,Republican,Texas,5,"January 3, 2019",M,,,,,,
460,RepEllzey,Ellzey,Jake,House,Republican,Texas,6,"July 30, 2021",M,,,,,,
461,RepFletcher,Fletcher,Lizzie Pannill,House,Democratic,Texas,7,"January 3, 2019",F,,,,,,
462,RepKevinBrady,Brady,Kevin,House,Republican,Texas,8,"January 3, 1997",M,,,,,,
463,RepAlGreen,Green,Al,House,Democratic,Texas,9,"January 3, 2005",M,,,,,,
464,RepMcCaul,McCaul,Michael,House,Republican,Texas,10,"January 3, 2005",M,,,,,,
465,RepPfluger,Pfluger,August,House,Republican,Texas,11,"January 3, 2021",M,,,,,,
466,RepKayGranger,Granger,Kay,House,Republican,Texas,12,"January 3, 1997",F,,,,,,
467,RepRonnyJackson,Jackson,Ronny,House,Republican,Texas,13,"January 3, 2021",M,,,,,,
468,TXRandy14,Weber,Randy,House,Republican,Texas,14,"January 3, 2013",M,,,,,,
469,RepGonzalez,Gonzalez,Vicente,House,Democratic,Texas,15,"January 3, 2017",M,,,,,,
470,RepEscobar,Escobar,Veronica,House,Democratic,Texas,16,"January 3, 2019",F,,,,,,
471,PeteSessions,Sessions,Pete,House,Republican,Texas,17,"January 3, 2021",M,,,,,,
472,JacksonLeeTX18,JacksonLee,Sheila,House,Democratic,Texas,18,"January 3, 1995",F,,,,,,
473,RepArrington,Arrington,Jodey,House,Republican,Texas,19,"January 3, 2017",M,,,,,,
474,JoaquinCastrotx,Castro,Joaquin,House,Democratic,Texas,20,"January 3, 2013",M,,,,,,
475,RepChipRoy,Roy,Chip,House,Republican,Texas,21,"January 3, 2019",M,,,,,,
476,RepTroyNehls,Nehls,Troy,House,Republican,Texas,22,"January 3, 2021",M,,,,,,
477,RepTonyGonzales,Gonzales,Tony,House,Republican,Texas,23,"January 3, 2021",M,,,,,,
478,RepBethVanDuyne,VanDuyne,Beth,House,Republican,Texas,24,"January 3, 2021",F,,,,,,
479,RepRWilliams,Williams,Roger,House,Republican,Texas,25,"January 3, 2013",M,,,,,,
480,michaelcburgess,Burgess,Michael,House,Republican,Texas,26,"January 3, 2003",M,,,,,,
481,RepCloudTX,Cloud,Michael,House,Republican,Texas,27,"July 10, 2018",M,,,,,,
482,RepCuellar,Cuellar,Henry,House,Democratic,Texas,28,"January 3, 2005",M,,,,,,
483,RepSylviaGarcia,Garcia,Sylvia,House,Democratic,Texas,29,"January 3, 2019",F,,,,,,
484,RepEBJ,Johnson,Eddie Bernice,House,Democratic,Texas,30,"January 3, 1993",F,,,,,,
485,JudgeCarter,Carter,John,House,Republican,Texas,31,"January 3, 2003",M,,,,,,
486,RepColinAllred,Allred,Colin,House,Democratic,Texas,32,"January 3, 2019",M,,,,,,
487,RepVeasey,Veasey,Marc,House,Democratic,Texas,33,"January 3, 2013",M,,,,,,
488,RepLloydDoggett,Doggett,Lloyd,House,Democratic,Texas,35,"January 3, 2013",M,,,,,,
489,RepBrianBabin,Babin,Brian,House,Republican,Texas,36,"January 3, 2015",M,,,,,,
490,RepBlakeMoore,Moore,Blake,House,Republican,Utah,1,"January 3, 2021",M,,,,,,
491,repchrisstewart,Stewart,Chris,House,Republican,Utah,2,"January 3, 2013",M,,,,,,
492,RepJohnCurtis,Curtis,John,House,Republican,Utah,3,"November 13, 2017",M,,,,,,
493,RepBurgessOwens,Owens,Burgess,House,Republican,Utah,4,"January 3, 2021",M,,,,,,
494,PeterWelch,Welch,Peter,House,Democratic,Vermont,1,"January 3, 2007",M,,,,,,
495,RobWittman,Wittman,Rob,House,Republican,Virginia,1,"January 3, 2007",M,,,,,,
496,RepElaineLuria,Luria,Elaine,House,Democratic,Virginia,2,"January 3, 2019",F,,,,,,
497,BobbyScott,Scott,Bobby,House,Democratic,Virginia,3,"January 3, 1993",M,,,,,,
498,RepMcEachin,McEachin,Donald,House,Democratic,Virginia,4,"January 3, 2017",M,,,,,,
499,RepBobGood,Good,Bob,House,Republican,Virginia,5,"January 3, 2021",M,,,,,,
500,RepBenCline,Cline,Ben,House,Republican,Virginia,6,"January 3, 2019",M,,,,,,
501,RepSpanberger,Spanberger,Abigail,House,Democratic,Virginia,7,"January 3, 2019",F,,,,,,
502,RepDonBeyer,Beyer,Don,House,Democratic,Virginia,8,"January 3, 2015",M,,,,,,
503,RepMGriffith,Griffith,Morgan,House,Republican,Virginia,9,"January 3, 2011",M,,,,,,
504,RepWexton,Wexton,Jennifer,House,Democratic,Virginia,10,"January 3, 2019",F,,,,,,
505,GerryConnolly,Connolly,Gerald,House,Democratic,Virginia,11,"January 3, 2009",M,,,,,,
506,RepDelBene,DelBene,Suzan,House,Democratic,Washington,1,"November 13, 2012",F,,,,,,
507,RepRickLarsen,Larsen,Rick,House,Democratic,Washington,2,"January 3, 2001",M,,,,,,
508,herrerabeutler,HerreraBeutler,Jaime,House,Republican,Washington,3,"January 3, 2011",F,,,,,,
509,repnewhouse,Newhouse,Dan,House,Republican,Washington,4,"January 3, 2015",M,,,,,,
510,cathymcmorris,McMorris,Cathy,House,Republican,Washington,5,"January 3, 2005",F,,,,,,
511,RepDerekKilmer,Kilmer,Derek,House,Democratic,Washington,6,"January 3, 2013",M,,,,,,
512,RepJayapal,Jayapal,Pramila,House,Democratic,Washington,7,"January 3, 2017",F,,,,,,
513,repkimschrier,Schrier,Kim,House,Democratic,Washington,8,"January 3, 2019",F,,,,,,
514,RepAdamSmith,Smith,Adam,House,Democratic,Washington,9,"January 3, 1997",M,,,,,,
515,RepStricklandWA,Strickland,Marilyn,House,Democratic,Washington,10,"January 3, 2021",F,,,,,,
516,RepMcKinley,McKinley,David,House,Republican,West Virginia,1,"January 3, 2011",M,,,,,,
517,RepAlexMooney,Mooney,Alexander,House,Republican,West Virginia,2,"January 3, 2015",M,,,,,,
518,RepCarolMiller,Miller,Carol,House,Republican,West Virginia,3,"January 3, 2019",F,,,,,,
519,RepBryanSteil,Steil,Bryan,House,Republican,Wisconsin,1,"January 3, 2019",M,,,,,,
520,repmarkpocan,Pocan,Mark,House,Democratic,Wisconsin,2,"January 3, 2013",M,,,,,,
521,RepRonKind,Kind,Ron,House,Democratic,Wisconsin,3,"January 3, 1997",M,,,,,,
522,RepGwenMoore,Moore,Gwen,House,Democratic,Wisconsin,4,"January 3, 2005",F,,,,,,
523,RepFitzgerald,Fitzgerald,Scott,House,Republican,Wisconsin,5,"January 3, 2021",M,,,,,,
524,RepGrothman,Grothman,Glenn,House,Republican,Wisconsin,6,"January 3, 2015",M,,,,,,
525,RepTiffany,Tiffany,Tom,House,Republican,Wisconsin,7,"May 19, 2020",M,,,,,,
526,RepGallagher,Gallagher,Michael,House,Republican,Wisconsin,8,"January 3, 2017",M,,,,,,
527,RepLizCheney,Cheney,Liz,House,Republican,Wyoming,1,"January 3, 2017",F,,,,,,
,,,,,,,,,,,,,,,
,,,,,,,,,,,,,,,
,,,,,,,,,,,,,,,
,,,,,,,,,,,,,,,
,,,,,,,,,,,,,,,
,,,,,,,,,,,,,,,
,,,,,,,,,,,,,,,
,,,,,,,,,,,,,,,
,,,,,,,,,,,,,,,
,,,,,,,,,,,,,,,
,,,,,,,,,,,,,,,
,,,,,,,,,,,,,,,
,,,,,,,,,,,,,,,
,,,,,,,,,,,,,,,
,,,,,,,,,,,,,,,
,,,,,,,,,,,,,,,
,,,,,,,,,,,,,,,
,,,,,,,,,,,,,,,
,,,,,,,,,,,,,,,
,,,,,,,,,,,,,,,
,,,,,,,,,,,,,,,
,,,,,,,,,,,,,,,
,,,,,,,,,,,,,,,
,,,,,,,,,,,,,,,
,,,,,,,,,,,,,,,
,,,,,,,,,,,,,,,
,,,,,,,,,,,,,,,
,,,,,,,,,,,,,,,
,,,,,,,,,,,,,,,
,,,,,,,,,,,,,,,
,,,,,,,,,,,,,,,
,,,,,,,,,,,,,,,
,,,,,,,,,,,,,,,
,,,,,,,,,,,,,,,
,,,,,,,,,,,,,,,
,,,,,,,,,,,,,,,
,,,,,,,,,,,,,,,
,,,,,,,,,,,,,,,
,,,,,,,,,,,,,,,
,,,,,,,,,,,,,,,
,,,,,,,,,,,,,,,
,,,,,,,,,,,,,,,
,,,,,,,,,,,,,,,
,,,,,,,,,,,,,,,
,,,,,,,,,,,,,,,
,,,,,,,,,,,,,,,
,,,,,,,,,,,,,,,
,,,,,,,,,,,,,,,
,,,,,,,,,,,,,,,
,,,,,,,,,,,,,,,
,,,,,,,,,,,,,,,
,,,,,,,,,,,,,,,
,,,,,,,,,,,,,,,
,,,,,,,,,,,,,,,
,,,,,,,,,,,,,,,
,,,,,,,,,,,,,,,
,,,,,,,,,,,,,,,
,,,,,,,,,,,,,,,
,,,,,,,,,,,,,,,
,,,,,,,,,,,,,,,
,,,,,,,,,,,,,,,
,,,,,,,,,,,,,,,
,,,,,,,,,,,,,,,
,,,,,,,,,,,,,,,
,,,,,,,,,,,,,,,
,,,,,,,,,,,,,,,
,,,,,,,,,,,,,,,
,,,,,,,,,,,,,,,
,,,,,,,,,,,,,,,
,,,,,,,,,,,,,,,
,,,,,,,,,,,,,,,
,,,,,,,,,,,,,,,
,,,,,,,,,,,,,,,
,,,,,,,,,,,,,,,
,,,,,,,,,,,,,,,
,,,,,,,,,,,,,,,
,,,,,,,,,,,,,,,
,,,,,,,,,,,,,,,
,,,,,,,,,,,,,,,
,,,,,,,,,,,,,,,
,,,,,,,,,,,,,,,
,,,,,,,,,,,,,,,
,,,,,,,,,,,,,,,
,,,,,,,,,,,,,,,
,,,,,,,,,,,,,,,
,,,,,,,,,,,,,,,
,,,,,,,,,,,,,,,
,,,,,,,,,,,,,,,
,,,,,,,,,,,,,,,
,,,,,,,,,,,,,,,
,,,,,,,,,,,,,,,
,,,,,,,,,,,,,,,
,,,,,,,,,,,,,,,
,,,,,,,,,,,,,,,
,,,,,,,,,,,,,,,
,,,,,,,,,,,,,,,
,,,,,,,,,,,,,,,
,,,,,,,,,,,,,,,
,,,,,,,,,,,,,,,
,,,,,,,,,,,,,,,
,,,,,,,,,,,,,,,
,,,,,,,,,,,,,,,
,,,,,,,,,,,,,,,
,,,,,,,,,,,,,,,
,,,,,,,,,,,,,,,
,,,,,,,,,,,,,,,
,,,,,,,,,,,,,,,
,,,,,,,,,,,,,,,
,,,,,,,,,,,,,,,
,,,,,,,,,,,,,,,
,,,,,,,,,,,,,,,
,,,,,,,,,,,,,,,
,,,,,,,,,,,,,,,
,,,,,,,,,,,,,,,
,,,,,,,,,,,,,,,
,,,,,,,,,,,,,,,
,,,,,,,,,,,,,,,
,,,,,,,,,,,,,,,
,,,,,,,,,,,,,,,
,,,,,,,,,,,,,,,
,,,,,,,,,,,,,,,
,,,,,,,,,,,,,,,
,,,,,,,,,,,,,,,
,,,,,,,,,,,,,,,
,,,,,,,,,,,,,,,
,,,,,,,,,,,,,,,
,,,,,,,,,,,,,,,
,,,,,,,,,,,,,,,
,,,,,,,,,,,,,,,
,,,,,,,,,,,,,,,
,,,,,,,,,,,,,,,
,,,,,,,,,,,,,,,
,,,,,,,,,,,,,,,
,,,,,,,,,,,,,,,
,,,,,,,,,,,,,,,
,,,,,,,,,,,,,,,
,,,,,,,,,,,,,,,
,,,,,,,,,,,,,,,
,,,,,,,,,,,,,,,
,,,,,,,,,,,,,,,
,,,,,,,,,,,,,,,
,,,,,,,,,,,,,,,
,,,,,,,,,,,,,,,
,,,,,,,,,,,,,,,
,,,,,,,,,,,,,,,
,,,,,,,,,,,,,,,
,,,,,,,,,,,,,,,
,,,,,,,,,,,,,,,
,,,,,,,,,,,,,,,
,,,,,,,,,,,,,,,
,,,,,,,,,,,,,,,
,,,,,,,,,,,,,,,
,,,,,,,,,,,,,,,
,,,,,,,,,,,,,,,
,,,,,,,,,,,,,,,
,,,,,,,,,,,,,,,
,,,,,,,,,,,,,,,
,,,,,,,,,,,,,,,
,,,,,,,,,,,,,,,
,,,,,,,,,,,,,,,
,,,,,,,,,,,,,,,
,,,,,,,,,,,,,,,
,,,,,,,,,,,,,,,
,,,,,,,,,,,,,,,
,,,,,,,,,,,,,,,
,,,,,,,,,,,,,,,
,,,,,,,,,,,,,,,
,,,,,,,,,,,,,,,
,,,,,,,,,,,,,,,
,,,,,,,,,,,,,,,
,,,,,,,,,,,,,,,
,,,,,,,,,,,,,,,
,,,,,,,,,,,,,,,
,,,,,,,,,,,,,,,
,,,,,,,,,,,,,,,
,,,,,,,,,,,,,,,
,,,,,,,,,,,,,,,
,,,,,,,,,,,,,,,
,,,,,,,,,,,,,,,
,,,,,,,,,,,,,,,
,,,,,,,,,,,,,,,
,,,,,,,,,,,,,,,
,,,,,,,,,,,,,,,
,,,,,,,,,,,,,,,
,,,,,,,,,,,,,,,
,,,,,,,,,,,,,,,
,,,,,,,,,,,,,,,
,,,,,,,,,,,,,,,
,,,,,,,,,,,,,,,
,,,,,,,,,,,,,,,
,,,,,,,,,,,,,,,
,,,,,,,,,,,,,,,
,,,,,,,,,,,,,,,
,,,,,,,,,,,,,,,
,,,,,,,,,,,,,,,
,,,,,,,,,,,,,,,
,,,,,,,,,,,,,,,
,,,,,,,,,,,,,,,
,,,,,,,,,,,,,,,
,,,,,,,,,,,,,,,
,,,,,,,,,,,,,,,
,,,,,,,,,,,,,,,
,,,,,,,,,,,,,,,
,,,,,,,,,,,,,,,
,,,,,,,,,,,,,,,
,,,,,,,,,,,,,,,
,,,,,,,,,,,,,,,
,,,,,,,,,,,,,,,
,,,,,,,,,,,,,,,
,,,,,,,,,,,,,,,
,,,,,,,,,,,,,,,
,,,,,,,,,,,,,,,
,,,,,,,,,,,,,,,
,,,,,,,,,,,,,,,
,,,,,,,,,,,,,,,
,,,,,,,,,,,,,,,
,,,,,,,,,,,,,,,
,,,,,,,,,,,,,,,
,,,,,,,,,,,,,,,
,,,,,,,,,,,,,,,
,,,,,,,,,,,,,,,
,,,,,,,,,,,,,,,
,,,,,,,,,,,,,,,
,,,,,,,,,,,,,,,
,,,,,,,,,,,,,,,
,,,,,,,,,,,,,,,
,,,,,,,,,,,,,,,
,,,,,,,,,,,,,,,
,,,,,,,,,,,,,,,
,,,,,,,,,,,,,,,
,,,,,,,,,,,,,,,
,,,,,,,,,,,,,,,
,,,,,,,,,,,,,,,
,,,,,,,,,,,,,,,
,,,,,,,,,,,,,,,
,,,,,,,,,,,,,,,
,,,,,,,,,,,,,,,
,,,,,,,,,,,,,,,
,,,,,,,,,,,,,,,
,,,,,,,,,,,,,,,
,,,,,,,,,,,,,,,
,,,,,,,,,,,,,,,
,,,,,,,,,,,,,,,
,,,,,,,,,,,,,,,
,,,,,,,,,,,,,,,
,,,,,,,,,,,,,,,
,,,,,,,,,,,,,,,
,,,,,,,,,,,,,,,
,,,,,,,,,,,,,,,
,,,,,,,,,,,,,,,
,,,,,,,,,,,,,,,
,,,,,,,,,,,,,,,
,,,,,,,,,,,,,,,
,,,,,,,,,,,,,,,
,,,,,,,,,,,,,,,
,,,,,,,,,,,,,,,
,,,,,,,,,,,,,,,
,,,,,,,,,,,,,,,
,,,,,,,,,,,,,,,
,,,,,,,,,,,,,,,
,,,,,,,,,,,,,,,
,,,,,,,,,,,,,,,
,,,,,,,,,,,,,,,
,,,,,,,,,,,,,,,
,,,,,,,,,,,,,,,
,,,,,,,,,,,,,,,
,,,,,,,,,,,,,,,
,,,,,,,,,,,,,,,
,,,,,,,,,,,,,,,
,,,,,,,,,,,,,,,
,,,,,,,,,,,,,,,
,,,,,,,,,,,,,,,
,,,,,,,,,,,,,,,
,,,,,,,,,,,,,,,
,,,,,,,,,,,,,,,
,,,,,,,,,,,,,,,
,,,,,,,,,,,,,,,
,,,,,,,,,,,,,,,
,,,,,,,,,,,,,,,
,,,,,,,,,,,,,,,
,,,,,,,,,,,,,,,
,,,,,,,,,,,,,,,
,,,,,,,,,,,,,,,
,,,,,,,,,,,,,,,
,,,,,,,,,,,,,,,
,,,,,,,,,,,,,,,
,,,,,,,,,,,,,,,
,,,,,,,,,,,,,,,
,,,,,,,,,,,,,,,
,,,,,,,,,,,,,,,
,,,,,,,,,,,,,,,
,,,,,,,,,,,,,,,
,,,,,,,,,,,,,,,
,,,,,,,,,,,,,,,
,,,,,,,,,,,,,,,
,,,,,,,,,,,,,,,
,,,,,,,,,,,,,,,
,,,,,,,,,,,,,,,
,,,,,,,,,,,,,,,
,,,,,,,,,,,,,,,
,,,,,,,,,,,,,,,
,,,,,,,,,,,,,,,
,,,,,,,,,,,,,,,
,,,,,,,,,,,,,,,
,,,,,,,,,,,,,,,
,,,,,,,,,,,,,,,
,,,,,,,,,,,,,,,
,,,,,,,,,,,,,,,
,,,,,,,,,,,,,,,
,,,,,,,,,,,,,,,
,,,,,,,,,,,,,,,
,,,,,,,,,,,,,,,
,,,,,,,,,,,,,,,
,,,,,,,,,,,,,,,
,,,,,,,,,,,,,,,
,,,,,,,,,,,,,,,
,,,,,,,,,,,,,,,
,,,,,,,,,,,,,,,
,,,,,,,,,,,,,,,
,,,,,,,,,,,,,,,
,,,,,,,,,,,,,,,
,,,,,,,,,,,,,,,
,,,,,,,,,,,,,,,
,,,,,,,,,,,,,,,
,,,,,,,,,,,,,,,
,,,,,,,,,,,,,,,
,,,,,,,,,,,,,,,
,,,,,,,,,,,,,,,
,,,,,,,,,,,,,,,
,,,,,,,,,,,,,,,
,,,,,,,,,,,,,,,
,,,,,,,,,,,,,,,
,,,,,,,,,,,,,,,
,,,,,,,,,,,,,,,
,,,,,,,,,,,,,,,
,,,,,,,,,,,,,,,
,,,,,,,,,,,,,,,
,,,,,,,,,,,,,,,
,,,,,,,,,,,,,,,
,,,,,,,,,,,,,,,
,,,,,,,,,,,,,,,
,,,,,,,,,,,,,,,
,,,,,,,,,,,,,,,
,,,,,,,,,,,,,,,
,,,,,,,,,,,,,,,
,,,,,,,,,,,,,,,
,,,,,,,,,,,,,,,
,,,,,,,,,,,,,,,
,,,,,,,,,,,,,,,
,,,,,,,,,,,,,,,
,,,,,,,,,,,,,,,
,,,,,,,,,,,,,,,
,,,,,,,,,,,,,,,
,,,,,,,,,,,,,,,
,,,,,,,,,,,,,,,
,,,,,,,,,,,,,,,
,,,,,,,,,,,,,,,
,,,,,,,,,,,,,,,
,,,,,,,,,,,,,,,
,,,,,,,,,,,,,,,
,,,,,,,,,,,,,,,
,,,,,,,,,,,,,,,
,,,,,,,,,,,,,,,
,,,,,,,,,,,,,,,
,,,,,,,,,,,,,,,
,,,,,,,,,,,,,,,
,,,,,,,,,,,,,,,
,,,,,,,,,,,,,,,
,,,,,,,,,,,,,,,
,,,,,,,,,,,,,,,
,,,,,,,,,,,,,,,
,,,,,,,,,,,,,,,
,,,,,,,,,,,,,,,
,,,,,,,,,,,,,,,
,,,,,,,,,,,,,,,
,,,,,,,,,,,,,,,
,,,,,,,,,,,,,,,
,,,,,,,,,,,,,,,
,,,,,,,,,,,,,,,
,,,,,,,,,,,,,,,
,,,,,,,,,,,,,,,
,,,,,,,,,,,,,,,
,,,,,,,,,,,,,,,
,,,,,,,,,,,,,,,
,,,,,,,,,,,,,,,
,,,,,,,,,,,,,,,
,,,,,,,,,,,,,,,
,,,,,,,,,,,,,,,
,,,,,,,,,,,,,,,
,,,,,,,,,,,,,,,
,,,,,,,,,,,,,,,
,,,,,,,,,,,,,,,
,,,,,,,,,,,,,,,
,,,,,,,,,,,,,,,
,,,,,,,,,,,,,,,
,,,,,,,,,,,,,,,
,,,,,,,,,,,,,,,
,,,,,,,,,,,,,,,
,,,,,,,,,,,,,,,
,,,,,,,,,,,,,,,
,,,,,,,,,,,,,,,
,,,,,,,,,,,,,,,
,,,,,,,,,,,,,,,
,,,,,,,,,,,,,,,
,,,,,,,,,,,,,,,
,,,,,,,,,,,,,,,
,,,,,,,,,,,,,,,
,,,,,,,,,,,,,,,
,,,,,,,,,,,,,,,
,,,,,,,,,,,,,,,
,,,,,,,,,,,,,,,
,,,,,,,,,,,,,,,
,,,,,,,,,,,,,,,
,,,,,,,,,,,,,,,
,,,,,,,,,,,,,,,
,,,,,,,,,,,,,,,
,,,,,,,,,,,,,,,
,,,,,,,,,,,,,,,
,,,,,,,,,,,,,,,
,,,,,,,,,,,,,,,
,,,,,,,,,,,,,,,
,,,,,,,,,,,,,,,
,,,,,,,,,,,,,,,
,,,,,,,,,,,,,,,
,,,,,,,,,,,,,,,
,,,,,,,,,,,,,,,
,,,,,,,,,,,,,,,
,,,,,,,,,,,,,,,
,,,,,,,,,,,,,,,
,,,,,,,,,,,,,,,
,,,,,,,,,,,,,,,
,,,,,,,,,,,,,,,
,,,,,,,,,,,,,,,
,,,,,,,,,,,,,,,
,,,,,,,,,,,,,,,
,,,,,,,,,,,,,,,
,,,,,,,,,,,,,,,
,,,,,,,,,,,,,,,
,,,,,,,,,,,,,,,
,,,,,,,,,,,,,,,
,,,,,,,,,,,,,,,
,,,,,,,,,,,,,,,
,,,,,,,,,,,,,,,
,,,,,,,,,,,,,,,
,,,,,,,,,,,,,,,
,,,,,,,,,,,,,,,
,,,,,,,,,,,,,,,
,,,,,,,,,,,,,,,
,,,,,,,,,,,,,,,
,,,,,,,,,,,,,,,
,,,,,,,,,,,,,,,
,,,,,,,,,,,,,,,
,,,,,,,,,,,,,,,
,,,,,,,,,,,,,,,
,,,,,,,,,,,,,,,
,,,,,,,,,,,,,,,
,,,,,,,,,,,,,,,
,,,,,,,,,,,,,,,
,,,,,,,,,,,,,,,
,,,,,,,,,,,,,,,
,,,,,,,,,,,,,,,
,,,,,,,,,,,,,,,
,,,,,,,,,,,,,,,
,,,,,,,,,,,,,,,
,,,,,,,,,,,,,,,
,,,,,,,,,,,,,,,
,,,,,,,,,,,,,,,
,,,,,,,,,,,,,,,
,,,,,,,,,,,,,,,
,,,,,,,,,,,,,,,
,,,,,,,,,,,,,,,